Province,Year,Tree Cover Loss,Green House Gas,Index Of Industrial Production,Area,Average Population,Population Density
An Giang,2011,70.8897418,31185.31726,,3536.7,2097.5,593.1
An Giang,2012,66.1305148,16070.37662,106.6,3536.7,2077.9,587.5
An Giang,2013,10.8957596,6009.985018,105.1,3536.7,2051.6,580.1
An Giang,2014,21.5719341,13320.51119,102.6,3536.7,2024.6,572.5
An Giang,2015,25.3570028,12735.33639,105,3536.7,2000.9,565.8
An Giang,2016,99.9085184,58314.32785,105.7,3536.7,1976.4,558.8
An Giang,2017,105.515349,108957.3415,106.9,3536.7,1954.2,552.5
An Giang,2018,64.8679578,70820.86748,108.9,3536.7,1931,546
An Giang,2019,19.6016618,17319.0192,109.9,3536.7,1907.4,539
An Giang,2020,4.99545519,3946.019477,103.3,3536.8,1904.5,538
An Giang,2021,15.2136065,19149.04077,103.1,3536.8,1909.5,540
An Giang,2022,28.5342768,34629.66672,111.1,3536.8,1905.5,539
An Giang,2023,22.7841758,27974.92317,108.4,3536.8,1906.3,539
Bà Rịa Vũng Tàu,2011,863.6639,532533.0648,,1989.5,1040.8,523.1
Bà Rịa Vũng Tàu,2012,799.612,446605.7585,99.5,1989.5,1057.8,531.7
Bà Rịa Vũng Tàu,2013,307.1141,170359.5206,95.1,1989.5,1076.9,541.3
Bà Rịa Vũng Tàu,2014,1365.828,630872.0133,103.9,1989.5,1093.4,549.6
Bà Rịa Vũng Tàu,2015,433.7384,276768.5011,100.9,1989.5,1104.3,555.1
Bà Rịa Vũng Tàu,2016,650.6634,411391.6621,96.1,1980.8,1117.6,564.2
Bà Rịa Vũng Tàu,2017,684.4743,426380.2877,96.2,1981,1127.2,569
Bà Rịa Vũng Tàu,2018,803.8763,506611.4796,99.4,1981,1138.3,574.6
Bà Rịa Vũng Tàu,2019,443.7035,233224.8839,102.1,1981,1152.2,582
Bà Rịa Vũng Tàu,2020,568.5629,282730.3789,93.3,1982.6,1167.9,589
Bà Rịa Vũng Tàu,2021,418.8949,377747.6875,95.5,1982.6,1176.1,593
Bà Rịa Vũng Tàu,2022,385.9144,379333.4542,105.7,1982.6,1178.7,595
Bà Rịa Vũng Tàu,2023,552.4723,503113.6549,99.4,1982.6,1187.5,599
Bắc Giang,2011,1540.645,1219157.839,,3844,1586,412.6
Bắc Giang,2012,1240.163,1052593.394,122.9,3848.9,1607.8,417.7
Bắc Giang,2013,1826.004,1500568.413,118.7,3849.7,1630.6,423.6
Bắc Giang,2014,3176.779,2423225.445,114.7,3849.5,1646.9,427.8
Bắc Giang,2015,3231.641,2734402.46,116.8,3849.5,1667,433
Bắc Giang,2016,7208.753,6417259.214,120.3,3895.5,1696.9,435.6
Bắc Giang,2017,8029.233,7542413,129.3,3895.5,1736.8,445.8
Bắc Giang,2018,5085.281,5381047.936,129.7,3895.6,1777.5,456.3
Bắc Giang,2019,4022.236,3872113.029,130.1,3895.6,1810.4,465
Bắc Giang,2020,3951.39,3807921.626,119.8,3895.9,1841.6,473
Bắc Giang,2021,4743.629,4868629.661,112.2,3895.9,1875.2,481
Bắc Giang,2022,3880.667,3996773.239,132.9,3895.9,1890.9,485
Bắc Giang,2023,2297.207,2540363.596,120,3895.9,1922.7,493.5
Bắc Kạn,2011,2192.924,1514554.786,,4859.4,298.7,61.5
Bắc Kạn,2012,835.3068,529007.194,74.9,4859.4,300.8,61.9
Bắc Kạn,2013,1783.488,1044720.491,96.8,4859.4,301.7,62.1
Bắc Kạn,2014,1763.661,1106541.693,91.5,4859.4,302.9,62.3
Bắc Kạn,2015,2743.664,1872349.543,100.8,4859.4,305.6,62.9
Bắc Kạn,2016,6956.594,4711074.077,100.1,4860,307.7,63.3
Bắc Kạn,2017,4936.678,3522798.462,100.8,4860,309.9,63.8
Bắc Kạn,2018,4333.065,3327710.943,113.8,4860,312,64.2
Bắc Kạn,2019,4011.327,3072999.228,118,4860,314.4,65
Bắc Kạn,2020,3842.642,2802368.868,104.8,4860,316.5,65
Bắc Kạn,2021,4968.974,3821423.848,107.1,4860,323.7,67
Bắc Kạn,2022,5954.898,4163176.92,108.8,4860,324.4,67
Bắc Kạn,2023,4435.893,3259547.423,111,4860,326.5,67.2
Bạc Liêu,2011,16.01417544,269.649534,,2468.7,866.9,351.1
Bạc Liêu,2012,32.3291287,356.8261838,103.8,2468.7,872.1,353.3
Bạc Liêu,2013,0.227688834,,105.3,2468.7,877,355.3
Bạc Liêu,2014,2.883903975,43.7630049,105.2,2468.7,882.2,357.3
Bạc Liêu,2015,5.236620284,31.48189974,114.1,2468.7,887.3,359.4
Bạc Liêu,2016,34.02914864,964.0678286,103.4,2669.1,892.8,334.5
Bạc Liêu,2017,16.40347672,315.0765,109,2669,897.7,336.3
Bạc Liêu,2018,4.933707956,50.20797416,112.3,2669,903,338.3
Bạc Liêu,2019,0.531302071,,112.4,2669,908.2,340
Bạc Liêu,2020,3.263625183,8.745794878,104.1,2667.9,913.5,342
Bạc Liêu,2021,5.768775546,13.23244933,109.3,2667.9,918.5,344
Bạc Liêu,2022,1.44217669,9.399721361,114.7,2667.9,921.8,346
Bạc Liêu,2023,7.437882779,16.98914025,108.5,2667.9,925.2,346.8
Bắc Ninh,2011,0.287567424,175.5612882,,822.7,1072.4,1303.5
Bắc Ninh,2012,0.143882343,47.9007516,175,822.7,1104.7,1342.8
Bắc Ninh,2013,,,149.2,822.7,1139.9,1385.5
Bắc Ninh,2014,,255.411455,87.5,822.7,1177.1,1430.7
Bắc Ninh,2015,,,112,822.7,1218.5,1481.1
Bắc Ninh,2016,,200.3598415,105.1,822.8,1257.9,1528.8
Bắc Ninh,2017,,8183.087819,135.5,822.7,1297.8,1577.5
Bắc Ninh,2018,0.71851478,6718.86671,107.4,822.7,1337.3,1625.5
Bắc Ninh,2019,,1909.642054,88.6,822.7,1378.6,1676
Bắc Ninh,2020,0.71874706,6514.826587,103.9,822.7,1419.1,1725
Bắc Ninh,2021,0.359464103,1809.611421,109.3,822.7,1462.9,1778
Bắc Ninh,2022,,1919.882399,104.3,822.7,1488.2,1809
Bắc Ninh,2023,0.43121487,1220.789917,88.7,822.7,1517.4,1844.4
Bến Tre,2011,11.81669,2853.767021,,2360.6,1262.7,534.9
Bến Tre,2012,23.56064,7073.130517,114.8,2357.7,1266.7,537.3
Bến Tre,2013,6.589497,1723.247261,111.9,2359.5,1269.7,538.1
Bến Tre,2014,,,102.7,2359.8,1272.5,539.2
Bến Tre,2015,,,108.5,2359.8,1275.8,540.6
Bến Tre,2016,20.15006,6627.228512,106.5,2394.6,1278.6,534
Bến Tre,2017,63.47012,17269.29314,108,2394.7,1282.4,535.5
Bến Tre,2018,0.075813,19.95413363,113.8,2394.8,1286,537
Bến Tre,2019,23.02343,6279.729808,109.6,2394.8,1289.1,538
Bến Tre,2020,58.76864,15634.03933,104,2379.7,1292.4,543
Bến Tre,2021,8.634025,2900.442314,94.8,2379.7,1295.7,544
Bến Tre,2022,3.105282,1075.968098,115.9,2379.7,1298,545
Bến Tre,2023,38.1779,18332.64166,108.4,2379.7,1299.3,546
Bình Định,2011,3016.608,2249358.904,,6050.6,1487.5,245.8
Bình Định,2012,6518.921,5202298.697,106.8,6050.6,1487.5,245.8
Bình Định,2013,4485.542,3625496.338,107,6050.6,1487.6,245.9
Bình Định,2014,7779.001,5193328.147,105.7,6050.6,1487.6,245.9
Bình Định,2015,11482.37,7663439.375,108.5,6050.6,1487.6,245.9
Bình Định,2016,11791.82,9499931.087,107.3,6066.1,1487.7,245.2
Bình Định,2017,8269.167,8494061.634,108.8,6066.2,1487.7,245.2
Bình Định,2018,6178.945,6321389.138,108.7,6066.2,1487.8,245.3
Bình Định,2019,7353.084,6582832.128,108.4,6066.2,1487.8,245
Bình Định,2020,5587.469,4883470.314,105.3,6066.4,1487.9,245
Bình Định,2021,5083.425,5498622.495,105.8,6066.4,1508.3,249
Bình Định,2022,4400.118,4539764.262,107,6066.4,1504.3,248
Bình Định,2023,2846.35,2751551.501,103.3,6066.4,1506.3,248.3
Bình Dương,2011,3662.029,1937189.42,,2694.4,1699.9,630.9
Bình Dương,2012,2471.474,1325923.968,110.4,2694.4,1789.7,664.2
Bình Dương,2013,1664.747,941966.585,111.7,2694.4,1873.5,695.3
Bình Dương,2014,6058.046,3223327.451,107.2,2694.4,1977.8,734.1
Bình Dương,2015,6697.813,3508944.392,109.3,2694.4,2069.2,768
Bình Dương,2016,7113.655,3729324.451,108.1,2694.7,2138.8,793.7
Bình Dương,2017,9188.29,4961446.514,110.4,2694.6,2227.2,826.5
Bình Dương,2018,5706.39,3177846.913,108.4,2694.6,2345.2,870.3
Bình Dương,2019,4156.692,2231867.294,109,2694.6,2456.3,912
Bình Dương,2020,3533.325,2040275.88,106.1,2694.6,2580.6,958
Bình Dương,2021,2631.667,2833969.789,103,2694.6,2596.8,964
Bình Dương,2022,1463.917,1826034.851,108.5,2694.6,2763.1,1025
Bình Dương,2023,1062.132,1375878.096,105,2694.6,2823.4,1047.8
Bình Phước,2011,8271.533,6804949.563,,6871.5,899.6,130.9
Bình Phước,2012,3708.907,2856537.322,114.7,6871.5,911.4,132.6
Bình Phước,2013,1187.921,644020.4909,112.1,6871.5,923.5,134.4
Bình Phước,2014,3280.087,1665088.55,111.2,6871.5,934.4,136
Bình Phước,2015,3763.356,1896362.33,106.8,6871.5,947.2,137.8
Bình Phước,2016,8377.215,4241091.826,106,6876.6,962.7,140
Bình Phước,2017,9419.23,4755066.711,108.8,6876.8,972.6,141.4
Bình Phước,2018,5272.279,2672452.017,112.3,6876.8,984.9,143.2
Bình Phước,2019,5277.373,2667893.463,111.9,6876.8,997.8,145
Bình Phước,2020,4085.414,2164661.222,111.7,6873.6,1011.1,147
Bình Phước,2021,5577.52,4664037.738,117.2,6873.6,1024.3,149
Bình Phước,2022,7307.062,6216988.543,120.7,6873.6,1034.7,151
Bình Phước,2023,5951.919,5466954.59,109.4,6873.6,1045.5,152.1
Bình Thuận,2011,1914.971,1051560.139,,7812.9,1180.7,151.1
Bình Thuận,2012,4704.146,2414783.804,107.8,7812.8,1189.6,152.3
Bình Thuận,2013,573.8192,315071.1343,114.9,7812.8,1194.7,152.9
Bình Thuận,2014,1098.942,616953.6334,98,7813.1,1197.3,153.2
Bình Thuận,2015,803.96,468856.4656,113.3,7813.1,1205.4,154.3
Bình Thuận,2016,788.283,547821.8727,107.3,7944,1213.6,152.8
Bình Thuận,2017,715.2191,671109.3212,106.4,7943.9,1220.5,153.6
Bình Thuận,2018,602.5516,399820.8158,120.5,7943.9,1227.3,154.5
Bình Thuận,2019,566.041,283803.6001,133,7943.9,1232.3,155
Bình Thuận,2020,526.4541,331014.5519,112.6,7942.5,1239.3,156
Bình Thuận,2021,334.0692,807431.2776,99.8,7942.6,1246.3,157
Bình Thuận,2022,507.9842,971882.629,100.6,7942.6,1252.1,158
Bình Thuận,2023,301.7078,750120.9422,101.2,7942.6,1258.8,158.5
Cà Mau,2011,221.3863,101846.4215,,5294.9,1204.5,227.5
Cà Mau,2012,176.7831,74802.42415,109.9,5294.9,1203.5,227.3
Cà Mau,2013,269.799,126324.9986,112.4,5294.9,1202.1,227
Cà Mau,2014,972.2319,684653.1838,109.1,5294.9,1200.7,226.8
Cà Mau,2015,907.7331,1142947.888,100.8,5294.9,1199.5,226.5
Cà Mau,2016,3525.405,3811268.604,98.2,5221.2,1198.1,229.5
Cà Mau,2017,4191.148,3569987.916,103.4,5221.2,1197,229.3
Cà Mau,2018,1695.355,1004254.83,108.2,5221.2,1195.6,229
Cà Mau,2019,894.4756,691148.7155,106.1,5221.2,1194.3,229
Cà Mau,2020,1219.88,1006745.057,104.3,5274.5,1193.9,226
Cà Mau,2021,1036.64,1070053.874,100,5274.5,1208.8,229
Cà Mau,2022,634.6804,647754.3199,105.5,5274.5,1207.6,229
Cà Mau,2023,1473.271,1751308.247,99.5,5274.5,1207.4,228.9
Cao Bằng,2011,966.5858,505190.8348,,6707.9,514,76.6
Cao Bằng,2012,257.5075,141086.0527,104.6,6707.9,515.9,76.9
Cao Bằng,2013,456.7872,204691.564,107.7,6707.9,517.8,77.2
Cao Bằng,2014,376.9399,168133.9987,108.2,6703.4,519.9,77.6
Cao Bằng,2015,770.7222,354851.3536,107.3,6703.4,522,77.9
Cao Bằng,2016,1459.318,701030.709,108.8,6700.2,524.2,78.2
Cao Bằng,2017,1367.727,684446.6583,107.2,6700.3,526.4,78.6
Cao Bằng,2018,1616.01,836842.7606,107.8,6700.3,528.7,78.9
Cao Bằng,2019,2054.768,1116260.282,107.7,6700.3,530.9,79
Cao Bằng,2020,1621.234,828074.3474,96.5,6700.4,533.1,80
Cao Bằng,2021,1898.753,1087291.5,94.7,6700.4,542.2,81
Cao Bằng,2022,3581.852,1888068.243,129.2,6700.4,543.1,81
Cao Bằng,2023,2218.71,1170969.299,99.7,6700.4,547.9,81.8
Cần Thơ,2011,28.33590779,6959.230119,,1409,1195.9,848.8
Cần Thơ,2012,16.43727591,4051.645004,99.1,1409,1200.9,852.3
Cần Thơ,2013,0.303179118,89.13191987,110.4,1409,1203.2,854
Cần Thơ,2014,0.757703361,200.0676307,110.9,1408.9,1205.7,855.8
Cần Thơ,2015,0.984925055,295.4932823,43.3,1408.9,1208.5,857.8
Cần Thơ,2016,0.454692404,169.7223947,122.7,1439.2,1214.6,843.9
Cần Thơ,2017,0.530471637,139.2950711,138.9,1439,1222.4,849.5
Cần Thơ,2018,0.151595858,70.35995659,126.3,1439,1227.7,853.2
Cần Thơ,2019,,,108.5,1439,1236,859
Cần Thơ,2020,,,105.7,1440.4,1240.7,861
Cần Thơ,2021,0.151594724,119.0393064,92.3,1440.4,1247,866
Cần Thơ,2022,0.075788812,283.9762731,111.7,1440.4,1252.3,869
Cần Thơ,2023,0.833448937,239.7140941,100.7,1440.4,1258.9,874
Đà Nẵng,2011,201.3154,129396.3894,,1285.4,968.7,753.6
Đà Nẵng,2012,1512.93,1203704.953,106,1285.4,996.3,775.1
Đà Nẵng,2013,994.5891,670113.8551,110.5,1285.4,1017.3,791.5
Đà Nẵng,2014,1304.373,856543.4865,111,1285.4,1033.9,804.4
Đà Nẵng,2015,436.5148,290251.9737,113.1,1285.4,1056.3,821.8
Đà Nẵng,2016,917.0686,774259.4864,113.2,1284.7,1080.3,840.9
Đà Nẵng,2017,949.4419,851187.2549,109.5,1284.9,1097.8,854.4
Đà Nẵng,2018,916.6034,783531.1289,106.6,1284.9,1114.4,867.3
Đà Nẵng,2019,953.2797,743182.2253,104.3,1284.9,1141.1,888
Đà Nẵng,2020,772.5498,592201.5656,89.6,1284.7,1169.5,910
Đà Nẵng,2021,426.1645,378530.7462,97.7,1284.7,1195.5,931
Đà Nẵng,2022,362.1318,309770.9218,106.8,1284.7,1220.2,950
Đà Nẵng,2023,249.06,195779.4106,97.5,1284.7,1245.2,969.2
Đắk Lắk,2011,4578.844,2681327.686,,13125.4,1760.4,134.1
Đắk Lắk,2012,10215.79,6043883.689,110.5,13125.4,1777.3,135.4
Đắk Lắk,2013,2798.698,1754196.656,100.3,13125.4,1794.6,136.7
Đắk Lắk,2014,5779.43,3563481.524,103.8,13125.4,1805.8,137.6
Đắk Lắk,2015,4155.989,2900315.39,98.7,13125.4,1820.1,138.7
Đắk Lắk,2016,7567.621,5273474.985,107.1,13030.5,1836.4,140.9
Đắk Lắk,2017,7688.883,4978658.477,119.3,13030.5,1850.3,142
Đắk Lắk,2018,5682.272,3685958.479,101,13030.5,1861.5,142.9
Đắk Lắk,2019,4567.618,2775445.868,102.6,13030.5,1872.6,144
Đắk Lắk,2020,5170.748,3317890.247,105.4,13070.4,1886.9,144
Đắk Lắk,2021,3797.525,2771971.98,126.7,13070.4,1909,146
Đắk Lắk,2022,3607.28,2664088.849,117.4,13070.4,1918.4,147
Đắk Lắk,2023,2799.758,2151557.755,110.4,13070.4,1931.5,147.8
Đắk Nông,2011,9592.426,5621552.689,,6515.6,512.7,78.7
Đắk Nông,2012,11490.83,6988859.129,109.4,6515.6,529.4,81.2
Đắk Nông,2013,2300.691,1274593.697,105.1,6515.6,548.1,84.1
Đắk Nông,2014,6585.831,3880153.264,107.2,6515.6,565,86.7
Đắk Nông,2015,4394.955,2809473.153,107,6515.6,580.5,89.1
Đắk Nông,2016,6559.302,4015541.414,103.6,6509.3,594.4,91.3
Đắk Nông,2017,4447.557,2936736.7,158.2,6509.3,604.9,92.9
Đắk Nông,2018,2591.695,1607969.823,109,6509.3,615.4,94.5
Đắk Nông,2019,2620.795,1726356.29,104.3,6509.3,625.8,96
Đắk Nông,2020,1818.32,1149400.071,107.3,6509.3,637.9,98
Đắk Nông,2021,1638.004,1185379.987,110.7,6509.3,664.4,102
Đắk Nông,2022,1465.277,1126489.393,103.8,6509.3,670.6,103
Đắk Nông,2023,1431.163,1182099.517,104.7,6509.3,681.9,104.8
Điện Biên,2011,2666.768,1357807.34,,9562.9,512.8,53.6
Điện Biên,2012,2398.294,1180147.853,105.4,9562.9,523.9,54.8
Điện Biên,2013,4693.832,2288939.183,107,9562.9,535,55.9
Điện Biên,2014,6494.279,2998535.466,102.6,9562.9,546.1,57.1
Điện Biên,2015,7589.914,3677142.334,108.1,9562.9,557.1,58.3
Điện Biên,2016,11019.65,5632316.538,109,9540.9,568.3,59.6
Điện Biên,2017,8569.442,4305382.445,114.5,9541.3,579.4,60.7
Điện Biên,2018,6153.555,2918675.371,110.6,9541.2,590.5,61.9
Điện Biên,2019,7734.845,3613736.92,98.4,9541.3,601.7,63
Điện Biên,2020,5668.209,2741783.193,103.2,9539.9,613.5,64
Điện Biên,2021,5242.359,2645847.305,107.8,9539.9,625.1,66
Điện Biên,2022,4279.259,2184565.901,122.1,9539.9,635.9,67
Điện Biên,2023,5013.884,2631266.392,98.2,9539.9,646.2,67.7
Đồng Nai,2011,1449.898,800236.1916,,5907.2,2661.8,450.6
Đồng Nai,2012,2102.189,1488215.24,107.4,5907.2,2719,460.3
Đồng Nai,2013,953.1764,751841.5801,107.6,5907.2,2771.4,469.2
Đồng Nai,2014,2983.605,1971986.128,107.6,5907.2,2831.3,479.3
Đồng Nai,2015,1809.907,1152517.549,107.7,5907.2,2890,489.2
Đồng Nai,2016,2278.283,1630078.953,107.5,5863.6,2951.4,503.3
Đồng Nai,2017,2676.759,2621366.422,108.6,5863.6,3004.9,512.5
Đồng Nai,2018,2884.832,2313218.98,108.7,5863.6,3055.1,521
Đồng Nai,2019,3497.452,2163951.618,108.3,5863.6,3113.7,531
Đồng Nai,2020,3506.471,2189242.145,103.6,5863.6,3177.4,542
Đồng Nai,2021,3259.798,2871004.361,103.6,5863.6,3169.1,540
Đồng Nai,2022,2356.408,2498642.56,108.1,5863.6,3255.8,555
Đồng Nai,2023,1734.464,1921231.786,105.2,5863.6,3310.9,564.6
Đồng Tháp,2011,93.56091,33274.07029,,3377,1653.2,489.6
Đồng Tháp,2012,81.57399,26402.68842,105.2,3377,1646.2,487.5
Đồng Tháp,2013,3.782208,973.9530345,106.8,3378.8,1639.2,485.1
Đồng Tháp,2014,42.67003,63584.04554,108.9,3378.8,1632.4,483.1
Đồng Tháp,2015,49.4804,17103.01049,109.8,3378.8,1625.6,481.1
Đồng Tháp,2016,160.69,198579.3852,104.7,3384,1619,478.4
Đồng Tháp,2017,73.91107,168864.8966,107,3383.8,1612.5,476.5
Đồng Tháp,2018,43.72551,95912.39672,107.2,3383.8,1606.1,474.6
Đồng Tháp,2019,5.825413,6810.614187,108.3,3383.8,1598.8,472
Đồng Tháp,2020,0.983999,751.9888235,101.8,3382.3,1600,473
Đồng Tháp,2021,2.043337,2569.990808,91.5,3382.3,1601.3,473
Đồng Tháp,2022,4.237145,7159.429744,113.6,3382.3,1600.2,473
Đồng Tháp,2023,28.59535,49366.26761,105,3382.3,1600.2,473.1
Gia Lai,2011,9462.175796,7623626.051,,15536.9,1336.1,86
Gia Lai,2012,14206.4265,9422025.376,121,15536.9,1360,87.5
Gia Lai,2013,4870.374163,2894281.605,108.1,15536.9,1383,89
Gia Lai,2014,7809.416606,4719775.42,106.1,15536.9,1403.1,90.3
Gia Lai,2015,7417.791322,5029502.038,99.1,15536.9,1426.4,91.8
Gia Lai,2016,18141.93776,10684301.26,92.3,15510.8,1447.2,93.3
Gia Lai,2017,8881.742904,5664612.079,121.4,15511,1468.9,94.7
Gia Lai,2018,6629.297752,4114630.921,113.1,15511,1495.7,96.4
Gia Lai,2019,7378.785461,4480584.465,92.5,15511,1520.2,98
Gia Lai,2020,7769.021196,4581116.684,98.2,15510.1,1541.8,99
Gia Lai,2021,4589.912679,3370279.942,119.2,15510.1,1569.7,101
Gia Lai,2022,4269.08089,3246286.62,112.8,15510.1,1591,103
Gia Lai,2023,4747.189776,3690836.202,100.2,15510.1,1613.9,104.1
Hà Giang,2011,1462.104505,756426.1788,,7914.9,749.5,94.7
Hà Giang,2012,420.5829502,223808.1769,118.6,7914.9,763.5,96.5
Hà Giang,2013,663.4612443,274680.0176,105.4,7914.9,779,98.4
Hà Giang,2014,1176.622672,479917.1426,99.5,7914.9,792.5,100.1
Hà Giang,2015,1499.939898,632129.5284,101.2,7914.9,806.7,101.9
Hà Giang,2016,3941.178548,1702996.076,109.4,7929.2,820.4,103.5
Hà Giang,2017,3535.257158,1528617.21,121.1,7929.5,833.7,105.1
Hà Giang,2018,3508.88855,1508858.934,112.8,7929.5,846.5,106.8
Hà Giang,2019,3094.484701,1313447.907,107.4,7929.5,858.1,108
Hà Giang,2020,3167.111403,1349390.117,90.9,7927.6,870.2,110
Hà Giang,2021,2460.925617,1044547.514,109.8,7927.6,887.1,112
Hà Giang,2022,2131.305324,913496.9986,118.8,7927.6,892.7,113
Hà Giang,2023,2308.150677,1002234.676,82.7,7927.5,899.9,113.5
Hà Nam,2011,24.03452,10139.80495,,860.5,795.6,924.6
Hà Nam,2012,15.37346,7175.221034,130.7,860.5,800.8,930.6
Hà Nam,2013,1.87667,2350.764455,110.9,860.5,807.4,938.3
Hà Nam,2014,14.29054,9368.963638,111.9,862,815.1,945.6
Hà Nam,2015,15.88167,19570.01216,124.8,862,824.3,956.3
Hà Nam,2016,29.44888,39919.26361,111.1,862,832.2,965.4
Hà Nam,2017,69.72408,58355.13167,112.8,861.9,839.8,974.4
Hà Nam,2018,43.60515,21319.17478,113,861.9,847.1,982.8
Hà Nam,2019,51.10912,27768.24391,112.8,861.9,854.5,991
Hà Nam,2020,41.872,21067.84572,105.5,861.9,861.8,1000
Hà Nam,2021,19.63105,17839.42556,112.6,861.9,875.2,1015
Hà Nam,2022,25.84281,23043.05305,114.1,861.9,878,1019
Hà Nam,2023,26.63684,20746.46602,114.6,861.9,885.9,1027.8
Hà Nội,2011,102.15233,74012.75258,,3328.9,6825.8,2050.5
Hà Nội,2012,23.955384,17840.63528,105,3323.6,6991.4,2103.6
Hà Nội,2013,90.618239,70870.37557,104.5,3324.3,7128.4,2144.3
Hà Nội,2014,107.73826,76373.25722,104.2,3324.5,7285.5,2191.5
Hà Nội,2015,140.97117,96560.78106,108.3,3324.5,7433.6,2236
Hà Nội,2016,144.71775,178474.1459,107.3,3358.9,7590.8,2259.9
Hà Nội,2017,160.83996,185623.0798,107,3358.6,7742.2,2305.2
Hà Nội,2018,87.113621,112824.9052,106.9,3358.6,7914.5,2356.5
Hà Nội,2019,85.454947,80373.06548,108.5,3358.6,8093.9,2410
Hà Nội,2020,69.839098,77445.86709,104.7,3359.8,8246.5,2454
Hà Nội,2021,94.961344,107103.3104,104.8,3359.8,8330.8,2480
Hà Nội,2022,122.29232,172889.77,108.8,3359.8,8435.7,2511
Hà Nội,2023,121.04825,134225.5341,103,3359.8,8587.1,2555.8
Hà Tĩnh,2011,2220.99389,1349496.513,,5997.2,1236.7,206.2
Hà Tĩnh,2012,7812.16767,4979428.137,107,5997.8,1242.1,207.1
Hà Tĩnh,2013,4901.45642,3746839.776,113.1,5997.3,1247.6,208
Hà Tĩnh,2014,6859.68749,5381111.213,119.1,5997.8,1255.3,209.3
Hà Tĩnh,2015,7873.70215,5811631.243,120.3,5997.8,1261.3,210.3
Hà Tĩnh,2016,10645.6848,7880544.157,120.9,5990.6,1266.7,211.4
Hà Tĩnh,2017,9694.30875,7360047.127,171,5990.7,1274.2,212.7
Hà Tĩnh,2018,8738.46076,7500320.07,188.5,5990.7,1280.5,213.7
Hà Tĩnh,2019,6840.82951,5439837.398,125.5,5990.7,1290.3,215
Hà Tĩnh,2020,5965.54257,4815049.826,95.5,5994.5,1296.6,216
Hà Tĩnh,2021,4371.07874,3872397.431,112.7,5994.5,1314.1,219
Hà Tĩnh,2022,4261.65303,3763714.085,83.6,5994.5,1323.7,221
Hà Tĩnh,2023,3474.77899,3068781.938,107.3,5994.4,1323.7,220.8
Hải Dương,2011,15.46025362,9568.370864,,1656,1747.8,1055.5
Hải Dương,2012,5.105411019,3026.570466,99,1656,1767.8,1067.5
Hải Dương,2013,9.844136941,7067.123055,108.1,1656,1779.7,1074.7
Hải Dương,2014,14.37231173,12871.60071,114.6,1656,1795.8,1084.4
Hải Dương,2015,49.21762641,46948.12925,110.6,1656,1812.8,1094.7
Hải Dương,2016,72.86137332,92074.17191,108.8,1668.3,1832.8,1098.6
Hải Dương,2017,115.2589797,167896.1333,109.6,1668.2,1850.6,1109.3
Hải Dương,2018,101.4605127,130004.0791,110,1668.2,1877.7,1125.6
Hải Dương,2019,98.2992524,128524.3911,110.2,1668.2,1896.9,1137
Hải Dương,2020,81.28001148,105052.5354,102.4,1668.4,1916.8,1149
Hải Dương,2021,73.64720676,117008.9855,112.6,1668.3,1936.8,1161
Hải Dương,2022,80.04957265,152246.5965,111.3,1668.3,1946.8,1167
Hải Dương,2023,102.1892356,194934.2425,108.5,1668.3,1956.9,1173
Hải Phòng,2011,16.27552,8497.458618,,1523.4,1886.2,1238.2
Hải Phòng,2012,32.41311,16085.89025,103.9,1523.9,1912.9,1255.3
Hải Phòng,2013,3.601596,2922.600958,106.5,1527.4,1932.2,1265
Hải Phòng,2014,9.509878,6508.261365,112.9,1527.4,1950.7,1277.1
Hải Phòng,2015,1.728982,1771.28005,116.6,1527.4,1969.5,1289.4
Hải Phòng,2016,15.91743,10583.63217,116.9,1561.7,1985.3,1271.2
Hải Phòng,2017,9.507809,6759.446395,120,1561.8,2001.4,1281.5
Hải Phòng,2018,8.714889,8758.344181,125.3,1561.8,2016.4,1291.1
Hải Phòng,2019,4.465488,4574.211888,124.3,1561.8,2033.3,1302
Hải Phòng,2020,7.349042,6106.35571,114.6,1526.5,2053.5,1345
Hải Phòng,2021,4.250145,8648.995364,118.7,1526.5,2072.4,1358
Hải Phòng,2022,13.90236,22980.29521,114.4,1526.5,2088,1368
Hải Phòng,2023,3.239461,3971.837756,112.6,1526.5,2105,1379
Hậu Giang,2011,44.7501497,14582.54653,,1602.5,752.7,469.7
Hậu Giang,2012,46.9529405,16825.87882,135.4,1602.5,750.7,468.5
Hậu Giang,2013,3.86874724,1912.242297,104.5,1602.4,747.9,466.7
Hậu Giang,2014,17.7505425,7533.45094,95,1602.4,745,464.9
Hậu Giang,2015,30.9503295,12483.14727,106.2,1602.4,742.4,463.3
Hậu Giang,2016,62.4307957,28462.92108,107.3,1621.8,740.1,456.3
Hậu Giang,2017,43.8464046,29875.9962,109.6,1621.7,737.3,454.6
Hậu Giang,2018,12.5162689,9196.435465,111.2,1621.7,734.9,453.2
Hậu Giang,2019,9.17816162,6389.869672,110.2,1621.7,732.2,451
Hậu Giang,2020,5.46169981,2740.387832,108.1,1622.2,729.8,450
Hậu Giang,2021,16.8405908,16421.44795,104.8,1622.2,729.9,450
Hậu Giang,2022,14.7173579,10928.59403,116.9,1622.2,729.5,450
Hậu Giang,2023,68.3502823,51523.72001,110.2,1622.2,728.3,448.9
Hòa Bình,2011,1586.61422,1037596.403,,4608.7,802.2,174.1
Hòa Bình,2012,1501.13253,996583.9658,128.7,4608.7,808.4,175.4
Hòa Bình,2013,2685.23477,1699430.386,112.8,4608.7,812.7,176.4
Hòa Bình,2014,3360.40825,1805388.328,101.1,4608.7,819.6,177.8
Hòa Bình,2015,5270.32511,3382414.732,103.3,4608.7,828.6,179.8
Hòa Bình,2016,7517.16667,5767050.516,104.8,4590.7,837,182.3
Hòa Bình,2017,6459.8337,5134699.738,113.8,4590.6,845,184.1
Hòa Bình,2018,4307.78816,3415861.663,103.6,4590.6,850.4,185.2
Hòa Bình,2019,4081.14592,3079617.366,86.6,4590.6,855.8,186
Hòa Bình,2020,3951.91477,2956286.376,100.7,4590.3,861.2,188
Hòa Bình,2021,3583.18958,2710967.799,94.3,4590.3,871.7,190
Hòa Bình,2022,2904.12847,2272404.67,114.8,4590.3,875.4,191
Hòa Bình,2023,2967.62234,2342755.427,91,4590.3,880.5,191.8
Hưng Yên,2011,0.216284,67.08532163,,926,1150.7,1242.7
Hưng Yên,2012,0.216299,187.3578914,108.9,926,1162.9,1255.8
Hưng Yên,2013,,,107.2,926,1175.5,1269.5
Hưng Yên,2014,,303.3281232,107.5,926,1188.6,1283.6
Hưng Yên,2015,0.144104,223.3637422,108.7,926,1202,1298.1
Hưng Yên,2016,,,108.5,930.3,1215.5,1306.6
Hưng Yên,2017,,35.85289019,109.4,930.2,1228.8,1321
Hưng Yên,2018,,,110.7,930.2,1242.4,1335.6
Hưng Yên,2019,,,111.6,930.2,1255.8,1350
Hưng Yên,2020,,296.9856018,107.2,930.2,1269.1,1364
Hưng Yên,2021,,256.6462157,108.7,930.2,1284.6,1381
Hưng Yên,2022,,,110.4,930.2,1290.9,1388
Hưng Yên,2023,,187.9264856,106.2,930.2,1301,1398.6
Khánh Hòa,2011,1829.14567,1058837.779,,5217.7,1170.2,224.3
Khánh Hòa,2012,3161.746945,2005809.497,106.8,5217.7,1177.6,225.7
Khánh Hòa,2013,1818.49112,1313930.999,104.5,5217.7,1184.9,227.1
Khánh Hòa,2014,3729.246775,2460395.449,103.1,5217.7,1192.1,228.5
Khánh Hòa,2015,3435.017709,2208446.825,106.8,5217.7,1198.4,229.7
Khánh Hòa,2016,4659.506148,3046860.426,106.8,5137.7,1207.2,235
Khánh Hòa,2017,4938.32878,3873547.038,107,5137.8,1216.3,236.7
Khánh Hòa,2018,6866.036501,5555107.789,107,5137.8,1224.5,238.3
Khánh Hòa,2019,3722.816677,3233389.316,107.2,5137.8,1232.8,240
Khánh Hòa,2020,3833.422419,3343307.76,100.2,5199.6,1240.4,239
Khánh Hòa,2021,2717.515316,2526885.58,95.6,5199.6,1248.1,240
Khánh Hòa,2022,2348.259679,2062345.543,122,5199.6,1254,241
Khánh Hòa,2023,2153.188517,1804774.287,114.3,5199.6,1260.6,242.4
Kiên Giang,2011,171.5070424,65955.76879,,6348.5,1694.4,266.9
Kiên Giang,2012,254.0993611,98172.14598,105.8,6348.5,1698.1,267.5
Kiên Giang,2013,214.315139,86303.64872,108.9,6348.5,1701.1,268
Kiên Giang,2014,575.1395043,228884.4733,106.2,6348.5,1703.4,268.3
Kiên Giang,2015,592.6591354,290719.9106,108.6,6348.5,1705.4,268.6
Kiên Giang,2016,1072.973998,541188.6975,106.3,6348.7,1708.7,269.1
Kiên Giang,2017,1181.849946,760186.0719,108.5,6348.8,1712.9,269.8
Kiên Giang,2018,706.9101631,445345.4462,108,6348.8,1718.1,270.6
Kiên Giang,2019,291.7920963,131073.245,111.4,6348.8,1723.7,272
Kiên Giang,2020,238.6939998,122765.3575,104,6352,1728.9,272
Kiên Giang,2021,392.690926,183563.4602,101.1,6352,1752.3,276
Kiên Giang,2022,558.320989,289616.3125,117.9,6352.9,1751.8,276
Kiên Giang,2023,339.0208551,191592.7793,113.3,6352,1755.3,276.3
Kon Tum,2011,14740.92954,13211621.97,,9689.6,451.6,46.6
Kon Tum,2012,20769.54834,18347377.72,115.3,9689.6,462.7,47.8
Kon Tum,2013,5862.243292,4227785.302,113.4,9689.6,473.3,48.8
Kon Tum,2014,8832.031979,5468269.546,105.4,9689.6,484.2,50
Kon Tum,2015,7684.992443,4842721.575,105.2,9689.6,495.9,51.2
Kon Tum,2016,16899.36801,10545087.65,106.3,9674.2,507.8,52.5
Kon Tum,2017,8747.8958,5535391.416,119.6,9674.2,520.1,53.8
Kon Tum,2018,6032.133256,3803115.996,114.2,9674.2,532.4,55
Kon Tum,2019,8035.575423,4843240.4,116.4,9674.2,543.4,56
Kon Tum,2020,8193.081757,4975800.327,111.3,9674.2,555.6,57
Kon Tum,2021,4946.631652,3156229.506,113.1,9677.3,568.8,59
Kon Tum,2022,3206.273213,2331171.438,122.4,9677.3,579.9,60
Kon Tum,2023,2194.40962,1839608.343,108.8,9677.3,591.3,61.1
Lai Châu,2011,753.902637,409509.2742,,9068.8,392.9,43.3
Lai Châu,2012,678.9103265,318325.4997,101.2,9068.8,403,44.4
Lai Châu,2013,1520.950318,684942.8147,95.4,9068.8,414.6,45.7
Lai Châu,2014,3263.187907,1376425.488,115.7,9068.8,421.5,46.5
Lai Châu,2015,1899.272712,884167.479,100.2,9068.8,427.9,47.2
Lai Châu,2016,3873.569802,1783478.742,278.2,9069.5,436.3,48.1
Lai Châu,2017,2021.42544,906253.4109,129.8,9068.8,444.5,49
Lai Châu,2018,1996.174469,889909.5795,107.1,9068.8,453.4,50
Lai Châu,2019,1689.301061,751018.1431,89.8,9068.8,462.6,51
Lai Châu,2020,1497.608442,730238.8487,129,9068.7,469.8,52
Lai Châu,2021,1119.326758,566798.9037,101.6,9068.7,478.4,53
Lai Châu,2022,1383.276758,686208.1686,121.1,9068.7,482.1,53
Lai Châu,2023,1330.526469,653892.5031,78.9,9068.7,489.3,54
Lâm Đồng,2011,5144.860968,3417731.99,,9773.5,1217.2,124.5
Lâm Đồng,2012,8794.08346,5312434.066,126,9773.5,1228.7,125.7
Lâm Đồng,2013,3501.566876,1897828.069,129,9773.6,1239.9,126.9
Lâm Đồng,2014,6349.151156,3616270.152,116.5,9773.5,1251.1,128
Lâm Đồng,2015,2926.428846,1998943.51,105.5,9773.5,1261.4,129.1
Lâm Đồng,2016,6287.91312,4228412.69,106.2,9783.2,1271.3,129.9
Lâm Đồng,2017,4152.353486,2748890.314,110.4,9783.3,1281.3,131
Lâm Đồng,2018,2822.703317,1855919.531,107.2,9783.3,1291.4,132
Lâm Đồng,2019,3613.060861,2284788.369,104.9,9783.3,1299.3,133
Lâm Đồng,2020,3478.425314,2178281.175,100.2,9781.2,1309.8,134
Lâm Đồng,2021,2674.915265,1872391.926,110.6,9781.2,1321.8,135
Lâm Đồng,2022,2491.22618,1679838.888,109.5,9781.2,1332.5,136
Lâm Đồng,2023,1962.277771,1466259.408,105.1,9781.2,1345,137.5
Lạng Sơn,2011,1707.578637,1191189.131,,8320.8,740.9,89
Lạng Sơn,2012,1111.22257,835654.4249,96.1,8320.8,745.1,89.6
Lạng Sơn,2013,1408.151989,1031679.219,103,8320.8,748.9,90
Lạng Sơn,2014,1737.803221,1253661.398,105.2,8320.8,752.6,90.4
Lạng Sơn,2015,2340.57198,1763860.288,111.6,8320.8,757.8,91.1
Lạng Sơn,2016,8015.014969,5866812.662,107.7,8310.2,763.4,91.9
Lạng Sơn,2017,10096.11231,7636506.65,105.1,8310.1,768.7,92.5
Lạng Sơn,2018,9949.716744,7623663.887,106.5,8310.1,775.9,93.4
Lạng Sơn,2019,8355.564558,6718936.094,109.5,8310.1,782.8,94
Lạng Sơn,2020,10978.73347,8782576.573,101.7,8310.2,788.7,95
Lạng Sơn,2021,15925.77757,13225838.4,105.3,8310.2,796.9,96
Lạng Sơn,2022,18326.0841,14987017.14,107.1,8310.2,802.1,97
Lạng Sơn,2023,12521.71889,10708409,106.4,8310.2,807.3,97.1
Lào Cai,2011,901.0399976,526191.8127,,6383.9,638.1,100
Lào Cai,2012,405.1363096,266410.6277,104,6383.9,649.5,101.7
Lào Cai,2013,193.7066859,112847.64,124,6383.9,661,103.5
Lào Cai,2014,770.4262388,482756.6721,105.2,6383.9,672.6,105.4
Lào Cai,2015,789.9417838,468964.3582,112.1,6383.9,684.5,107.2
Lào Cai,2016,1653.89265,1032769.14,123.3,6364,696.5,109.4
Lào Cai,2017,1287.982412,835491.8677,117.1,6364,708.6,111.3
Lào Cai,2018,1285.301707,1021041.435,114.4,6364,720.8,113.3
Lào Cai,2019,976.2471382,716170.5029,118.8,6364,733.3,115
Lào Cai,2020,2264.956424,1553349.278,113,6364.2,746.4,117
Lào Cai,2021,1297.866924,1110709.448,101,6364.3,761.9,120
Lào Cai,2022,1401.479792,1148588.622,104.6,6364.3,770.6,121
Lào Cai,2023,953.5695371,843422.9281,96.4,6364.2,779.9,122.5
Long An,2011,287.566117,79002.05368,,4492.4,1504.1,334.8
Long An,2012,357.4012,119145.6533,114.6,4492.4,1549.8,345
Long An,2013,19.8876864,10982.23981,113.8,4491.9,1587.9,353.5
Long An,2014,116.079054,107097.0415,111.6,4495,1611.7,358.6
Long An,2015,256.520297,305955.3201,112.8,4495,1626.2,361.8
Long An,2016,1337.46428,1572507.992,113.5,4494.8,1645.2,366
Long An,2017,708.318612,818422.2738,116.2,4494.9,1662.3,369.8
Long An,2018,99.3811489,83161.38867,116.5,4494.9,1678.9,373.5
Long An,2019,243.464106,231789.8328,115.1,4494.9,1695.1,377
Long An,2020,160.709389,127236.0204,108,4494.8,1713.7,381
Long An,2021,53.4611619,71266.43311,96.8,4494.8,1725.8,384
Long An,2022,99.4387942,118673.6564,109,4494.8,1734.3,386
Long An,2023,1156.19052,946900.8302,107.2,4494.8,1743.4,387.9
Nam Định,2011,6.579296,1954.943179,,1651.4,1816.8,1100.2
Nam Định,2012,2.241226,847.965635,116.4,1652.6,1811.5,1096.2
Nam Định,2013,,,116.1,1652.8,1806.4,1092.9
Nam Định,2014,0.072204,16.21951122,110.6,1653.2,1801.5,1089.7
Nam Định,2015,1.300504,1139.004916,110.3,1653.2,1796.9,1086.9
Nam Định,2016,,,108.8,1668.5,1792.5,1074.3
Nam Định,2017,0.144596,1018.609348,109,1668.5,1788.2,1071.7
Nam Định,2018,,,111,1668.5,1784.2,1069.3
Nam Định,2019,,,113.8,1668.6,1780.9,1067
Nam Định,2020,,,106.6,1668.8,1780.3,1067
Nam Định,2021,1.59069,1597.357001,118.7,1668.8,1836.3,1100
Nam Định,2022,0.722985,1202.401668,114.3,1668.8,1876.9,1125
Nam Định,2023,0.433783,1178.836961,115,1668.8,1887.1,1130.8
Nghệ An,2011,5390.19844,3087990.85,,16493.7,2996.1,181.7
Nghệ An,2012,6075.60578,3646343.24,109.7,16490.9,3036,184.1
Nghệ An,2013,10436.1502,6087230.81,106,16492.7,3076.4,186.5
Nghệ An,2014,18801.1372,10921581.76,110,16490,3116.3,189
Nghệ An,2015,26301.7767,16606088.43,109,16490,3160.6,191.7
Nghệ An,2016,29413.8747,20403714.97,109.4,16481.7,3203.1,194.3
Nghệ An,2017,23897.8257,15646670.81,117.1,16481.6,3246.7,197
Nghệ An,2018,14584.9184,10481773.39,116.6,16481.6,3291.4,199.7
Nghệ An,2019,14454.3305,9539777.377,113.2,16481.4,3337.2,202
Nghệ An,2020,17041.959,10312233.95,108.7,16486.5,3365.2,204
Nghệ An,2021,11412.405,8886750.207,116.9,16486.5,3409.8,207
Nghệ An,2022,11884.1677,8907392.466,110.1,16486.5,3420,207
Nghệ An,2023,9571.12493,7121214.895,106.6,16486.5,3442,208.8
Ninh Bình,2011,67.9462731,37971.46188,,1390.3,911.7,655.7
Ninh Bình,2012,61.1479454,32815.87387,111.6,1376.7,921,669
Ninh Bình,2013,61.7207872,40769.36013,111.4,1378.1,930,674.9
Ninh Bình,2014,68.6542621,52406.93727,117.4,1377.6,939.3,681.8
Ninh Bình,2015,153.159464,136496.2452,112.3,1377.6,948.5,688.5
Ninh Bình,2016,242.944647,249112.4798,101.9,1386.8,956.8,689.9
Ninh Bình,2017,135.665553,117290.558,118.6,1386.8,965.4,696.1
Ninh Bình,2018,84.8535648,65110.52775,131.1,1386.8,974.7,702.8
Ninh Bình,2019,101.118842,70555.12353,126.5,1386.8,984.5,710
Ninh Bình,2020,102.189851,82629.95378,105.6,1387.1,993.9,717
Ninh Bình,2021,124.394868,110865.2314,105.6,1411.8,1007.6,714
Ninh Bình,2022,75.7333098,87395.49536,104.1,1411.8,1010.7,716
Ninh Bình,2023,72.6396957,79387.36661,100.1,1411.8,1017.1,720.4
Ninh Thuận,2011,606.99549,292977.3777,,3358.3,567.9,169.1
Ninh Thuận,2012,776.73929,375467.7793,110.9,3358.3,571.3,170.1
Ninh Thuận,2013,247.19306,104008.3996,112.1,3358.3,573.3,170.7
Ninh Thuận,2014,799.12077,335640.4325,125.2,3358.3,575.4,171.3
Ninh Thuận,2015,533.13204,247122.3029,109.1,3358.3,578.3,172.2
Ninh Thuận,2016,514.14453,258844.9578,102.1,3355.2,581.5,173.3
Ninh Thuận,2017,636.74616,349244.2648,106.1,3355.3,585.4,174.5
Ninh Thuận,2018,345.69889,151763.3473,109.7,3355.3,588.9,175.5
Ninh Thuận,2019,326.03789,148209.028,143.6,3355.3,591,176
Ninh Thuận,2020,1022.1081,447368.9527,139.4,3355.3,593.6,177
Ninh Thuận,2021,322.44684,167964.8156,124.7,3355.3,596,178
Ninh Thuận,2022,294.09363,156251.6437,109.3,3355.7,598.7,178
Ninh Thuận,2023,284.40963,146790.6028,113.3,3355.7,601.2,179.2
Phú Thọ,2011,745.317401,560414.3488,,3533.4,1329.3,376.2
Phú Thọ,2012,710.938351,563272.4519,97.5,3533.4,1340.8,379.5
Phú Thọ,2013,3351.67463,2681070.759,106,3533.3,1355.2,383.6
Phú Thọ,2014,3836.55746,2539916.546,106.2,3533.3,1373.7,388.8
Phú Thọ,2015,3833.18394,2569032.004,116.6,3533.3,1392.3,394.1
Phú Thọ,2016,6779.76206,6877955.987,109.5,3534.4,1409,398.7
Phú Thọ,2017,5080.33603,5418721.764,108.1,3534.6,1430.5,404.7
Phú Thọ,2018,4983.75006,5397027.663,108.3,3534.6,1449.6,410.1
Phú Thọ,2019,3586.74931,3802419.531,112,3534.6,1466.4,415
Phú Thọ,2020,3051.34066,2931670.838,102.7,3534.6,1481.9,419
Phú Thọ,2021,4265.2566,4293105.095,109.3,3534.6,1507.5,427
Phú Thọ,2022,3148.68454,3247946.21,111.4,3534.6,1516.9,429
Phú Thọ,2023,2826.7247,2908587.288,118.3,3534.6,1530.8,433.1
Phú Yên,2011,1979.28443,1227483.605,,5060.6,864,170.7
Phú Yên,2012,7533.31955,4623536.749,113.4,5060.6,864.9,170.9
Phú Yên,2013,4926.09957,3332451.094,106.2,5060.5,865.3,171
Phú Yên,2014,11103.7686,6281114.429,107.3,5060.6,865.7,171.1
Phú Yên,2015,7297.95663,4421259.018,109.3,5060.6,866.2,171.2
Phú Yên,2016,8557.21272,5688205.678,106.5,5023.5,868.2,172.8
Phú Yên,2017,5888.8971,4583757.422,107.8,5023.4,870,173.2
Phú Yên,2018,4241.0579,3728282.414,109,5023.4,871.5,173.5
Phú Yên,2019,5729.2025,4501757.853,111.6,5023.4,873.2,174
Phú Yên,2020,5294.0553,4097585.153,106.6,5026,874.3,174
Phú Yên,2021,3803.67026,3430330.563,105.3,5026,875.5,174
Phú Yên,2022,3444.72687,3078229.558,113.2,5026,876.6,174
Phú Yên,2023,3246.35848,2589638.055,110.2,5026,877.7,174.6
Quảng Bình,2011,1404.965195,963806.8945,,8065.3,854.6,106
Quảng Bình,2012,3972.976982,2758327.676,108.5,8065.3,859.8,106.6
Quảng Bình,2013,7148.998624,5032123.763,108.7,8065.3,865,107.3
Quảng Bình,2014,9881.575525,6615628.809,106.6,8065.3,870.5,107.9
Quảng Bình,2015,5245.45215,3134744.129,109.3,8065.3,875.6,108.6
Quảng Bình,2016,10787.90426,6712987.274,109.2,8000.1,880.6,110.1
Quảng Bình,2017,9049.638397,7119669.539,107,8000,885.7,110.7
Quảng Bình,2018,10005.54841,8980151.167,107.2,8000,891.1,111.4
Quảng Bình,2019,8362.688092,6497868.069,107.4,8000,896.6,112
Quảng Bình,2020,5619.053307,4189800.996,104.6,7998.8,902,113
Quảng Bình,2021,3658.585667,2939589.152,104.1,7998.8,910.7,114
Quảng Bình,2022,3689.158759,3114566.51,114.1,7998.8,913.9,114
Quảng Bình,2023,3102.113633,2534172.967,107.2,7998.8,918.7,114.9
Quảng Nam,2011,3103.400192,2086942.146,,10438.4,1436.8,137.6
Quảng Nam,2012,16221.21431,12388979.64,118.2,10438.4,1444,138.3
Quảng Nam,2013,13154.13748,10770157.97,109.6,10438.4,1451.4,139
Quảng Nam,2014,18215.85436,13923254.94,105.3,10438.4,1459.8,139.8
Quảng Nam,2015,17624.57547,11460180.91,135,10438.4,1468.2,140.7
Quảng Nam,2016,27432.62217,20741312.76,128.2,10575,1475.7,139.5
Quảng Nam,2017,20669.9239,17835817.17,95.2,10574.7,1483.3,140.3
Quảng Nam,2018,18641.79659,16801599.42,102.5,10574.7,1490.8,141
Quảng Nam,2019,19351.62582,16771309.81,104.1,10574.7,1497.5,142
Quảng Nam,2020,15219.39655,12216817.6,92.1,10574.9,1505,142
Quảng Nam,2021,18017.05003,14045279.19,102.3,10574.9,1518.5,144
Quảng Nam,2022,6825.652013,5436779.319,119,10574.9,1519.4,144
Quảng Nam,2023,5402.37431,4201636.625,78.2,10574.9,1526.1,144.3
Quảng Ngãi,2011,3178.32501,2238872.812,,5153,1220.1,236.8
Quảng Ngãi,2012,9314.87635,7630811.109,107.7,5153,1221.8,237.1
Quảng Ngãi,2013,6335.83414,5602605.077,116.6,5152,1223.1,237.4
Quảng Ngãi,2014,12099.166,9966845.679,86.9,5152.7,1224.5,237.6
Quảng Ngãi,2015,14464.2169,9988604.415,108.6,5152.7,1226.2,238
Quảng Ngãi,2016,19851.9625,15213643.61,100.4,5152.3,1227.5,238.2
Quảng Ngãi,2017,14245.8599,13775742.73,100.6,5152.5,1228.9,238.5
Quảng Ngãi,2018,12391.0876,12188565.85,108.5,5155.8,1230.5,238.7
Quảng Ngãi,2019,14098.4673,13004627.57,113.3,5155.8,1231.9,239
Quảng Ngãi,2020,11528.6216,10252206.6,100.4,5155.2,1233.4,239
Quảng Ngãi,2021,10102.1244,10321092.04,108.2,5155.3,1244.1,241
Quảng Ngãi,2022,3879.39475,3780675.58,109.1,5155.3,1245.6,242
Quảng Ngãi,2023,2149.00895,2013759.378,104.1,5155.2,1248.1,242.1
Quảng Ninh,2011,2277.621267,1937234.949,,6102.4,1181.5,193.6
Quảng Ninh,2012,4839.03701,4224524.708,92,6102.3,1198.4,196.4
Quảng Ninh,2013,8047.1692,6888196.031,102.3,6102.4,1209.6,198.2
Quảng Ninh,2014,10979.94464,8856022.562,104.7,6102.3,1227.7,201.2
Quảng Ninh,2015,6164.602758,4998888.012,105.2,6102.3,1241.6,203.5
Quảng Ninh,2016,13535.21606,12877854.34,100.1,6177.7,1261.2,204.2
Quảng Ninh,2017,12954.86369,13215343.17,103.1,6177.8,1285.2,208
Quảng Ninh,2018,12713.5983,13449387.58,108.7,6178.2,1303.9,211
Quảng Ninh,2019,11231.94626,11739309.65,113.5,6178.2,1324.8,214
Quảng Ninh,2020,12718.1706,13273236.82,108.9,6206.9,1337.6,216
Quảng Ninh,2021,10490.70903,11254804.66,113.5,6207.8,1350.9,218
Quảng Ninh,2022,10459.01436,11297642.49,106,6207.9,1362.9,220
Quảng Ninh,2023,7635.277887,8590501.386,109.6,6207.9,1381.2,222.5
Quảng Trị,2011,5803.4281,4490640.406,,4739.8,604.7,127.6
Quảng Trị,2012,5434.99968,4706213.124,113,4739.8,607.8,128.2
Quảng Trị,2013,4872.14813,3948525.112,109.2,4739.8,611,128.9
Quảng Trị,2014,7601.84482,5938794.65,104.8,4739.8,614.4,129.6
Quảng Trị,2015,7001.89279,5203165.997,113.6,4739.8,617.9,130.4
Quảng Trị,2016,15021.4702,10681915.42,112.3,4621.8,621.6,134.5
Quảng Trị,2017,11224.1927,8487018.813,115,4621.7,625.4,135.3
Quảng Trị,2018,7036.80958,5823332.458,109.2,4621.7,629.7,136.2
Quảng Trị,2019,7589.42597,6230726.087,109.8,4621.7,633.4,137
Quảng Trị,2020,8002.30783,6010692.906,104.7,4701.2,637.4,136
Quảng Trị,2021,6063.41698,4917681.67,108.7,4701.2,647.8,138
Quảng Trị,2022,2998.90424,2594728.117,118.3,4701.2,650.9,138
Quảng Trị,2023,2402.16006,2016951.797,109.7,4701.2,654.2,139.2
Sóc Trăng,2011,59.80213,24495.51458,,3311.6,1273.9,384.7
Sóc Trăng,2012,103.4088,31918.77529,102,3311.6,1266.4,382.4
Sóc Trăng,2013,48.79284,16705.83233,104.7,3311.6,1255,379
Sóc Trăng,2014,134.992,104756.9383,125.4,3311.6,1245.6,376.1
Sóc Trăng,2015,95.16024,90371.99992,103.5,3311.6,1236.3,373.3
Sóc Trăng,2016,228.105,202891.4543,111.5,3311.9,1227.6,370.7
Sóc Trăng,2017,248.5257,238132.6558,110.8,3311.9,1218.3,367.9
Sóc Trăng,2018,93.94706,64098.6831,106.8,3311.9,1208.8,365
Sóc Trăng,2019,82.40159,42796.97319,107.9,3311.9,1199.5,362
Sóc Trăng,2020,68.81868,30183.40618,116.3,3298.2,1195.7,363
Sóc Trăng,2021,85.06392,47132.88615,99,3298.2,1206.8,366
Sóc Trăng,2022,33.00741,21304.4985,105.1,3298.2,1197.8,363
Sóc Trăng,2023,126.3414,85645.65005,94,3298.2,1198.8,363.5
Sơn La,2011,9348.97702,4611004.497,,14174.4,1115.2,78.7
Sơn La,2012,3709.94101,1807921.662,117,14174.4,1129.9,79.7
Sơn La,2013,3122.77248,1473275.109,171,14174.4,1143.9,80.7
Sơn La,2014,3944.03174,1753292.529,106.2,14174.4,1159.7,81.8
Sơn La,2015,5075.46428,2478796.504,102.7,14174.4,1177.4,83.1
Sơn La,2016,5417.92328,2785135.789,102.2,14123.5,1194.9,84.6
Sơn La,2017,4939.11214,2581839.772,121.8,14123.5,1213.4,85.9
Sơn La,2018,3015.19857,1584913.687,103,14123.5,1233.1,87.3
Sơn La,2019,3537.86454,1836115.965,73.1,14123.5,1252.7,89
Sơn La,2020,4353.53334,2332452.408,113.6,14109.8,1270.6,90
Sơn La,2021,2493.81603,1489864.778,93.6,14109.8,1287.7,91
Sơn La,2022,3297.9951,1787873.134,121.2,14109.8,1300.1,92
Sơn La,2023,4395.93742,2313496.173,79.7,14109.8,1313.3,93.1
Tây Ninh,2011,948.838982,536699.2278,,4039.7,1090.1,269.8
Tây Ninh,2012,990.5450358,629625.6287,105,4039.7,1103.4,273.1
Tây Ninh,2013,1024.102738,595788.196,106.3,4032.6,1111.4,275.6
Tây Ninh,2014,1690.493569,953367.1433,106.8,4032.6,1120.7,277.9
Tây Ninh,2015,1840.37969,971353.6639,107.2,4032.6,1129.9,280.2
Tây Ninh,2016,2071.354275,1258222.12,107.3,4041.4,1139.6,282
Tây Ninh,2017,2629.540544,1707039.144,107.9,4041.3,1151.1,284.8
Tây Ninh,2018,1165.141541,730426.7697,108,4041.3,1160.7,287.2
Tây Ninh,2019,1474.884247,841383.233,107.3,4041.3,1171.7,290
Tây Ninh,2020,1089.045167,709490.4179,95.4,4041.7,1178.3,292
Tây Ninh,2021,1272.063926,2608709.224,85.7,4041.7,1181.9,292
Tây Ninh,2022,1357.001311,2244953.775,112.6,4041.7,1188.8,294
Tây Ninh,2023,955.2185758,2332150.986,104.1,4041.7,1194.9,295.6
Thái Bình,2011,2.2387606,631.9394677,,1570,1798.7,1145.6
Thái Bình,2012,4.9064744,2670.458682,121.4,1570,1806.5,1150.6
Thái Bình,2013,0.1443094,108.6678172,119.2,1570.5,1815,1155.7
Thái Bình,2014,0.0721738,269.4677832,115.5,1570.8,1822.4,1160.2
Thái Bình,2015,,,114.1,1570.8,1830.3,1165.2
Thái Bình,2016,1.5866212,891.4786521,111.8,1586.5,1838.1,1158.6
Thái Bình,2017,2.6718525,2902.753035,115.5,1586.3,1846.1,1163.8
Thái Bình,2018,,,115.8,1586.4,1854.1,1168.7
Thái Bình,2019,,,116,1586.4,1862.2,1174
Thái Bình,2020,,,107.3,1584.6,1870.2,1180
Thái Bình,2021,0.4327698,350.6827563,101.5,1584.6,1875.7,1184
Thái Bình,2022,0.2890554,220.0930348,115.5,1584.6,1878.5,1185
Thái Bình,2023,,25.37323145,109,1584.6,1882.3,1187.9
Thái Nguyên,2011,1536.87261,1182082.325,,3531.7,1139.4,322.6
Thái Nguyên,2012,604.126156,484485.9632,106.5,3534.7,1149.1,325.1
Thái Nguyên,2013,3329.33511,2623488.737,114.1,3536.4,1156,326.9
Thái Nguyên,2014,4403.79228,3556759.807,101.8,3533.2,1198.2,339.1
Thái Nguyên,2015,6600.56243,5688801.742,108.3,3533.2,1230.8,348.4
Thái Nguyên,2016,11402.8357,10170573.27,112.3,3526.7,1242.8,352.4
Thái Nguyên,2017,7497.63281,6975147.34,116.5,3526.6,1256.1,356.2
Thái Nguyên,2018,6447.94477,6191053.689,115.1,3526.6,1273.6,361.1
Thái Nguyên,2019,5216.1096,5040872.075,115.9,3526.6,1290.9,366
Thái Nguyên,2020,4416.50958,4239428.883,96,3522,1307.9,371
Thái Nguyên,2021,7483.17757,7331487.802,114,3522,1323.2,376
Thái Nguyên,2022,6179.53642,6223855.197,114.8,3522,1336,379
Thái Nguyên,2023,3391.50719,3455663.173,111.3,3522,1350.3,383.4
Thanh Hóa,2011,6087.10558,3499222.215,,11131.9,3427.6,307.9
Thanh Hóa,2012,3286.10057,1978384.663,106.7,11132.2,3449.4,309.9
Thanh Hóa,2013,3929.55681,2535692.612,102.1,11130.5,3484.8,313.1
Thanh Hóa,2014,5267.95104,3696215.082,322.8,11129.5,3507.1,315.1
Thanh Hóa,2015,8739.55571,6505853.363,176,11129.5,3537,317.8
Thanh Hóa,2016,13502.364,10982463.24,123.7,11114.5,3570.8,321.3
Thanh Hóa,2017,11224.0809,8972301.619,118.3,11114.7,3603.7,324.2
Thanh Hóa,2018,8452.6977,7565725.809,112.1,11114.6,3631.3,326.7
Thanh Hóa,2019,7289.99131,6142785.931,111.1,11114.6,3645.8,328
Thanh Hóa,2020,8480.65662,7151854.977,104.2,11114.7,3664.9,330
Thanh Hóa,2021,8647.78122,8123583.844,107.7,11114.7,3716.4,334
Thanh Hóa,2022,7658.76716,7038180.675,110.8,11114.7,3722.1,335
Thanh Hóa,2023,6145.80529,5999597.316,104.9,11114.7,3739.5,336.4
Thừa Thiên Huế,2011,1373.65565,974633.2311,,5033.2,1100.8,218.7
Thừa Thiên Huế,2012,6717.308679,5599683.911,107.9,5033.2,1105.8,219.7
Thừa Thiên Huế,2013,4219.448716,3618769.961,108.2,5033.2,1109.8,220.5
Thừa Thiên Huế,2014,5316.999311,4120410.854,106.9,5033.2,1111.6,220.9
Thừa Thiên Huế,2015,5535.086821,3917512.534,109.8,5033.2,1114.7,221.5
Thừa Thiên Huế,2016,9342.31994,7254273.172,109.2,4902.4,1118,228.1
Thừa Thiên Huế,2017,7984.85467,7622064.959,109.2,4902.5,1123.4,229.1
Thừa Thiên Huế,2018,5035.26452,5180237.035,134.2,4902.4,1125.4,229.6
Thừa Thiên Huế,2019,5733.600811,5706837.743,115.8,4902.4,1129.5,230
Thừa Thiên Huế,2020,5527.212952,5361283.53,112.8,4947.1,1133.6,229
Thừa Thiên Huế,2021,5630.521094,5927807.78,118.1,4947.1,1153.8,233
Thừa Thiên Huế,2022,3237.507871,3326622.505,115.6,4947.1,1160.2,235
Thừa Thiên Huế,2023,2194.819959,2306324.983,104.8,4947.1,1166.5,235.8
Tiền Giang,2011,19.376101,5405.405369,,2508.3,1682.6,670.8
Tiền Giang,2012,35.0413032,10734.37418,112.6,2508.3,1692.5,674.7
Tiền Giang,2013,10.3680575,3987.253229,108.1,2508.6,1705.8,680
Tiền Giang,2014,15.5886993,5239.299425,111.2,2509.3,1716.1,683.9
Tiền Giang,2015,8.47515057,7700.976599,109.4,2509.3,1728.7,688.9
Tiền Giang,2016,170.031976,106734.2755,110.3,2510.5,1740.1,693.1
Tiền Giang,2017,93.8390972,67206.3865,113.4,2510.6,1751.8,697.8
Tiền Giang,2018,21.4143027,17388.41028,108,2510.6,1759.1,700.7
Tiền Giang,2019,48.2122518,29835.58952,108.5,2510.6,1766.3,704
Tiền Giang,2020,17.8603891,7955.901827,103,2556.4,1772.5,693
Tiền Giang,2021,10.1412722,8721.718583,106.1,2556.4,1779.4,696
Tiền Giang,2022,4.01168488,2216.976889,107,2556.4,1785.2,698
Tiền Giang,2023,110.113776,95280.97167,102.1,2556.4,1790.7,700.5
Thành phố Hồ Chí Minh,2011,68.83490845,28490.23492,,2095.6,7613.4,3633.1
Thành phố Hồ Chí Minh,2012,66.11170726,30906.55982,118.9,2095.6,7789.9,3717.2
Thành phố Hồ Chí Minh,2013,119.9461158,67007.0847,112.1,2095.6,7974,3805.1
Thành phố Hồ Chí Minh,2014,224.1364017,120045.8451,108.1,2095.5,8135.9,3882.6
Thành phố Hồ Chí Minh,2015,585.4513489,299005.894,115.2,2095.5,8307.9,3964.6
Thành phố Hồ Chí Minh,2016,353.2423054,185474.5336,114.8,2061.4,8479.1,4113.3
Thành phố Hồ Chí Minh,2017,401.5098598,209161.465,115,2061.2,8649.6,4196.4
Thành phố Hồ Chí Minh,2018,48.81165553,25655.52738,112.1,2061.4,8843.2,4289.9
Thành phố Hồ Chí Minh,2019,45.33675042,23267.99465,111.1,2061.4,9038.6,4385
Thành phố Hồ Chí Minh,2020,125.3302168,65062.29506,101.6,2095.4,9227.6,4404
Thành phố Hồ Chí Minh,2021,35.14717996,28733.97652,97.2,2095.4,9166.8,4375
Thành phố Hồ Chí Minh,2022,117.6901761,70815.06397,113.7,2095.4,9389.7,4481
Thành phố Hồ Chí Minh,2023,174.5318054,114054.9231,105.4,2095.4,9456.7,4513.1
Trà Vinh,2011,13.79786,3717.890985,,2341.2,1004.3,429
Trà Vinh,2012,21.14944,5608.829439,116.2,2341.2,1005.1,429.3
Trà Vinh,2013,8.717051,2695.155347,106.3,2341.2,1005.6,429.5
Trà Vinh,2014,0.606551,343.490549,110.4,2341.2,1006.2,429.8
Trà Vinh,2015,,,112.6,2341.2,1006.9,430.1
Trà Vinh,2016,36.09059,14538.2082,117.3,2358.2,1007.6,427.3
Trà Vinh,2017,24.94739,9660.009572,143,2358.3,1008.1,427.5
Trà Vinh,2018,9.477511,3314.153588,114.3,2358.3,1008.8,427.8
Trà Vinh,2019,0.682415,348.7666041,127.7,2358.3,1009.3,428
Trà Vinh,2020,4.094686,1685.111176,111.5,2390.8,1009.9,422
Trà Vinh,2021,4.626834,1164.744538,88.1,2390.8,1018.6,426
Trà Vinh,2022,1.593168,656.0625745,75.9,2390.8,1019.3,426
Trà Vinh,2023,5.080795,3072.349277,128.7,2390.8,1019.9,426.6
Tuyên Quang,2011,3068.30478,2215798.894,,5867.3,733.6,125
Tuyên Quang,2012,1769.31186,1291103.452,120.8,5867.3,738.5,125.9
Tuyên Quang,2013,4112.57117,3123001.601,105.5,5867.3,743.4,126.7
Tuyên Quang,2014,6071.51033,4760414.057,105.2,5867.3,749.6,127.8
Tuyên Quang,2015,6188.99343,5331313.386,99.9,5867.3,756.2,128.9
Tuyên Quang,2016,12676.4658,11300782.83,83.8,5867.9,763.4,130.1
Tuyên Quang,2017,9355.43723,8390474.933,109.4,5867.9,770.5,131.3
Tuyên Quang,2018,7105.22953,6400977.425,108.2,5867.9,778.3,132.6
Tuyên Quang,2019,6851.91595,6159741.894,107,5867.9,786.3,134
Tuyên Quang,2020,4636.31695,4064375.01,110,5867.9,792.9,135
Tuyên Quang,2021,7628.79934,7267146.119,111.9,5868,801.7,137
Tuyên Quang,2022,8051.40389,7440633.799,109.2,5868,805.8,137
Tuyên Quang,2023,8272.61755,7661472.712,103.1,5867.9,812.2,138.4
Vĩnh Long,2011,38.3420405,8763.244557,,1496.8,1024.8,684.7
Vĩnh Long,2012,13.792459,3307.240728,102.1,1504.9,1022.6,679.5
Vĩnh Long,2013,0.98510578,237.3626671,112,1520.2,1023.8,673.5
Vĩnh Long,2014,0.22731966,71.55459176,109.8,1520.2,1023.7,673.4
Vĩnh Long,2015,,,111.6,1520.2,1023.2,673.1
Vĩnh Long,2016,11.1417611,4156.83398,111.3,1525.6,1022.8,670.4
Vĩnh Long,2017,8.41304786,2937.377404,109.1,1525.7,1022.6,670.2
Vĩnh Long,2018,3.10792669,890.8038096,109.6,1525.7,1022.7,670.3
Vĩnh Long,2019,3.25921897,887.7941931,115,1525.7,1022.6,670
Vĩnh Long,2020,2.87966909,1078.285801,97.5,1525.7,1023,670
Vĩnh Long,2021,0.90886971,954.8674095,93.3,1525.7,1029,674
Vĩnh Long,2022,1.36384871,1613.001445,125,1525.7,1028.8,674
Vĩnh Long,2023,2.65254027,1324.221393,91.7,1525.7,1029.6,674.8
Vĩnh Phúc,2011,77.41341936,56847.78693,,1236.5,1029.5,832.6
Vĩnh Phúc,2012,20.30567223,15681.9727,97,1236.5,1047.4,847.1
Vĩnh Phúc,2013,136.4661518,112777.7434,114,1238.6,1061.5,857
Vĩnh Phúc,2014,166.1480857,127163.4335,97.1,1237.5,1076.8,870.2
Vĩnh Phúc,2015,236.1452012,225066.1328,101.6,1237.5,1090.4,881.1
Vĩnh Phúc,2016,446.8937676,498172.753,105.8,1235.3,1106.1,895.4
Vĩnh Phúc,2017,393.3236145,484612.064,107.5,1235.2,1123.1,909.2
Vĩnh Phúc,2018,348.9293144,426814.1423,114.5,1235.2,1138.4,921.6
Vĩnh Phúc,2019,286.2607488,303507.9203,111.1,1235.9,1154.8,934
Vĩnh Phúc,2020,160.2760836,208253.1364,99.4,1236,1171.2,948
Vĩnh Phúc,2021,153.9006339,245360.0812,111.4,1236,1191.8,964
Vĩnh Phúc,2022,168.3994248,245510.5996,115.5,1236,1197.6,969
Vĩnh Phúc,2023,168.0324055,264264.6459,99.3,1236,1211.3,980.1
Yên Bái,2011,1746.975539,1144981.728,,6886.3,758.6,110.2
Yên Bái,2012,706.8713449,494314.913,114.5,6886.3,765.7,111.2
Yên Bái,2013,1691.237387,1360968.22,112.3,6886.3,774.6,112.5
Yên Bái,2014,2887.504006,2276956.792,104.8,6886.3,783.5,113.8
Yên Bái,2015,2827.295148,2154687.037,103.7,6886.3,793.1,115.2
Yên Bái,2016,4748.643007,4154403.244,105.3,6887.6,800.3,116.2
Yên Bái,2017,4854.643163,4306932.745,106.9,6887.7,807.3,117.2
Yên Bái,2018,5545.867452,5214346.961,104.3,6887.7,814.6,118.3
Yên Bái,2019,4603.038917,4308883.38,110.9,6887.5,823,119
Yên Bái,2020,5512.431993,5043272.419,108.1,6892.7,831.6,121
Yên Bái,2021,5933.820226,5990185.778,108.1,6892.7,842.7,122
Yên Bái,2022,4471.063314,4622332.048,109,6892.7,847.2,123
Yên Bái,2023,3783.957142,4073986.395,106.7,6892.7,855.5,124.1
